,playerID,piece,completion_time,distance,watched_video,percentage_video,piece_look_time,hint
0,player0,Beam Pillar,25.963494683854467,3.65007469387195,True,55,1.3592433464537925,False
1,player0,Blade,25.930500688176075,3.668272234673341,True,36,1.8443069771700529,True
2,player0,Brace - Inside,19.473371991193694,2.838010597216609,True,90,1.0,False
3,player0,Brace - Outside,19.41285887727269,3.7872130082821376,False,29,1.0,False
4,player0,Cross Beam,13.818365332309615,3.344375415199385,False,96,3.3836831476818556,False
5,player0,Deck Board,22.47159983522174,2.48410997555546,True,0,1.0,True
6,player0,Front Stanchion Pole Base,27.42986976280981,2.166798508559747,True,73,4.354949363228853,False
7,player0,Front Stanchion Base,11.231059313274528,3.526517946133465,True,55,2.143755344518614,False
8,player0,Front Stanchion Cross Piece,10.619449215307906,3.505620626186041,True,91,1.8639927683715174,False
9,player0,Front Stanchion Fish,26.91664636153381,1.8183806127694604,True,23,5.229279386861533,False
10,player0,Front Stanchion Post,21.73997950930775,1.622344383402858,True,9,1.5918219658174177,False
11,player0,Front Stancion Base Hole,24.6028453118985,3.1693218383970114,False,6,3.8324417502442074,False
12,player0,Gunwale,26.050671888163382,2.1175330169666156,False,6,3.9393736330859896,False
13,player0,Hull Mounting,14.254966085663376,2.788433593336686,False,8,2.7182818994545075,False
14,player0,Keel,28.87562944382337,1.013204597215407,False,79,2.130698893936411,True
15,player0,Keelson Mesh,23.787736817050543,2.400623576727008,True,86,6.514536252563234,True
16,player0,Knee,26.637130740976264,3.836946893862567,False,41,1.0,True
17,player0,Upper Knee,12.8942039024969,2.5819108754685307,False,40,4.533102982382339,True
18,player0,Mast,12.951197148938302,3.6658505672529014,True,22,2.5556724785730305,False
19,player0,Mast Lock,22.079860527421847,3.0589710787488142,False,18,7.534699686453138,False
20,player0,Mast Stanchion Cross Piece,29.96188897148395,3.554220479813324,False,49,2.4180502552813437,False
21,player0,Mast Stanchion,19.042722807596803,1.58166176915062,False,17,2.8436852366572625,False
22,player0,Mastfish,19.176997543218796,1.0795685763836729,True,5,3.2142217134365394,True
23,player0,Mastfish Base,17.25914724417077,2.214512532193029,True,17,1.628590199103606,False
24,player0,Neck,13.835207083711714,3.927904923357719,False,27,7.655354811464111,True
25,player0,Oar,12.521683738929688,2.3477600512481405,False,16,3.355024630002876,True
26,player0,Rear Stanchion Base,23.30288531174237,1.0273081762043423,True,18,1.0,False
27,player0,Rear Stanchion Cross Piece,12.040737730563082,3.5097414405305507,True,96,1.0605555459877358,True
28,player0,Rear Stanchion Fish,22.816137430082435,1.8191274743227335,True,94,2.8829105509728343,True
29,player0,Rear Stanchion Pole Base,12.210607362431094,2.665938821734087,True,32,2.4342853093569596,True
30,player0,Rear Stanchion Post,29.719483260231403,1.2307112626226235,False,86,5.943595308031705,False
31,player0,Rear Stancion Base Hole,17.582612069572363,1.5246061601055312,False,65,4.505870295923793,True
32,player0,Rib,15.232189109527809,2.8340897537595433,False,98,2.5688057626544993,False
33,player0,Strake,28.064583288804585,1.733559253316018,True,10,7.764311524743563,False
34,player0,Tiller,15.971788965269262,3.749859891875431,True,83,1.361352930954634,True
35,player1,Beam Pillar,13.777613534292932,3.8625673405603713,False,86,4.710725644159842,True
36,player1,Blade,23.502536277267254,3.1318623410873756,True,32,2.4752478756532463,False
37,player1,Brace - Inside,11.883284683780415,1.1283166902423463,True,4,1.0,False
38,player1,Brace - Outside,11.322184765126975,3.8946673382236003,True,68,8.046067866257388,False
39,player1,Cross Beam,15.805441086566454,3.96117051045256,False,8,2.901235846371632,False
40,player1,Deck Board,24.642808722174294,3.173351393271854,True,44,7.244422182119433,False
41,player1,Front Stanchion Pole Base,20.062694768469775,3.680655298912761,False,46,2.659659634167472,True
42,player1,Front Stanchion Base,29.671062721815915,3.166130080778998,False,8,2.585861468524958,False
43,player1,Front Stanchion Cross Piece,25.54335853136492,2.5030118120969553,True,64,9.123158184775722,False
44,player1,Front Stanchion Fish,27.179543296944487,1.4492699041833157,True,98,2.7453224450625764,True
45,player1,Front Stanchion Post,15.4772352690747,1.199980399485299,False,15,2.363221817444802,True
46,player1,Front Stancion Base Hole,20.873432040169646,2.5035247586155798,True,50,1.3126822709051948,False
47,player1,Gunwale,17.688370279997304,2.2414408164388515,False,9,1.0,False
48,player1,Hull Mounting,24.72131579782924,2.0764285154611755,False,64,4.464999613372273,True
49,player1,Keel,12.719803381246324,2.6418412340440045,True,80,7.719502245171496,False
50,player1,Keelson Mesh,20.683482369316444,1.9213909987017443,False,58,3.853991915258271,False
51,player1,Knee,14.590656514991569,3.284559969047007,False,23,1.5867503882893228,True
52,player1,Upper Knee,19.79180860517351,2.9386194912651726,True,67,4.000825256411745,False
53,player1,Mast,19.943454599911764,1.2575721455258848,True,95,2.1875274410654644,True
54,player1,Mast Lock,16.65530328528842,2.9430797116919294,True,52,1.5629024088853372,False
55,player1,Mast Stanchion Cross Piece,23.32187861565894,2.4035695059405002,True,74,1.4165181100765207,False
56,player1,Mast Stanchion,18.395748118499498,1.78015833564413,True,83,1.0,True
57,player1,Mastfish,12.858582597976982,3.808704028841971,True,48,5.768664818962182,True
58,player1,Mastfish Base,25.531235943002685,1.7159981825274637,False,68,1.0,True
59,player1,Neck,27.700094330359843,3.601718021955654,True,81,2.1137123227361556,True
60,player1,Oar,11.16155176762883,3.9159049228944265,True,59,2.901452332675503,False
61,player1,Rear Stanchion Base,20.42371102476851,2.0510772000813278,False,23,2.7923429672426794,False
62,player1,Rear Stanchion Cross Piece,12.57099789435719,1.4453921067877937,True,67,3.7140601204263906,False
63,player1,Rear Stanchion Fish,16.893794771714298,1.0308034915190802,True,34,1.8112567281743837,True
64,player1,Rear Stanchion Pole Base,12.734561000696372,3.9134346397604913,False,92,2.1206283060850266,True
65,player1,Rear Stanchion Post,25.220071298900468,1.065465356238367,False,62,1.7589248064232992,True
66,player1,Rear Stancion Base Hole,12.208542076484918,2.5623024361525664,False,16,1.7845175040278567,False
67,player1,Rib,13.321673195309929,2.05022777247222,True,0,1.046889474767354,False
68,player1,Strake,12.392393966838329,1.43290747525494,False,53,3.4872952235028274,True
69,player1,Tiller,21.369789250873126,2.8897668425911642,False,11,1.0,False
70,player2,Beam Pillar,13.736555032594524,1.6878916279308172,True,35,2.3848199624882316,True
71,player2,Blade,10.40178780902144,3.06555809050232,False,18,1.0,False
72,player2,Brace - Inside,29.04975053955952,1.6743015185888157,True,53,1.3546483845333448,False
73,player2,Brace - Outside,21.120759269627754,3.9201173740175834,True,36,8.899015495950572,True
74,player2,Cross Beam,22.81752272911072,1.1028314965070756,True,5,1.6880687276908515,False
75,player2,Deck Board,17.32555407594827,1.5076800946132383,False,27,1.4488605206292866,False
76,player2,Front Stanchion Pole Base,12.609081347579092,1.081887570504732,False,34,3.020828818315054,True
77,player2,Front Stanchion Base,25.44652684895162,1.768937955802755,False,20,1.4157171895101721,False
78,player2,Front Stanchion Cross Piece,15.489615756267732,1.1067368010949212,False,3,7.892899479005877,False
79,player2,Front Stanchion Fish,21.912873418211575,1.2614559764393745,False,17,1.677796371642641,True
80,player2,Front Stanchion Post,26.931868900533654,3.6113807377917917,True,12,1.8180853665640149,True
81,player2,Front Stancion Base Hole,28.807914559718153,3.7513055200786676,True,45,1.777259347448354,False
82,player2,Gunwale,23.36079164994665,3.903493086784769,False,0,7.731648404354859,False
83,player2,Hull Mounting,25.09907048478381,2.8582419164754236,True,65,1.3589997262483615,False
84,player2,Keel,18.555229199654377,3.879587459589344,True,43,3.706903731417346,True
85,player2,Keelson Mesh,17.231494977975796,2.7481405172788778,False,76,2.8781419691405223,True
86,player2,Knee,25.072650002949295,2.047834006173083,False,40,2.4218806920059093,True
87,player2,Upper Knee,14.933587031193596,2.1703320460125126,True,11,1.0,True
88,player2,Mast,26.478666934579067,2.5182712786372052,False,68,3.0015035742420437,False
89,player2,Mast Lock,10.946945921805389,1.4824411712821273,True,35,1.360000620092627,True
90,player2,Mast Stanchion Cross Piece,24.78594515940751,3.76326297564259,False,7,1.8960996931313858,False
91,player2,Mast Stanchion,14.885658371995731,1.6854210689924707,False,67,2.95845699012436,True
92,player2,Mastfish,24.44754718214346,2.398260460269953,True,83,2.5776588575553263,False
93,player2,Mastfish Base,16.981513921863833,2.358412950289608,True,69,1.0,False
94,player2,Neck,22.395440373798927,3.4924078304109134,True,69,8.097000222408958,False
95,player2,Oar,19.079757920108506,3.791893342859403,True,97,1.2810392530514643,False
96,player2,Rear Stanchion Base,13.078392685568636,2.7321707515487232,False,40,1.0,False
97,player2,Rear Stanchion Cross Piece,25.056773579517625,1.8101641805252937,False,50,3.4344469140662985,False
98,player2,Rear Stanchion Fish,12.797452424911501,2.5975636877640658,False,35,2.882415020155978,False
99,player2,Rear Stanchion Pole Base,29.231502860358216,1.6594519967873267,False,48,4.34541534460752,True
100,player2,Rear Stanchion Post,12.246246358939523,2.362016586979564,True,34,2.859252045756433,False
101,player2,Rear Stancion Base Hole,14.300265229658102,1.5589077227333301,True,5,1.8498595284618762,True
102,player2,Rib,25.396854236270723,3.126803371251703,False,26,1.0,False
103,player2,Strake,16.187813145097373,3.1562559508482204,False,66,3.9295438478475893,False
104,player2,Tiller,24.27659803762227,3.9117248337832327,False,61,5.969480186187071,True
105,player3,Beam Pillar,22.20611255799881,1.9080113636198783,True,52,1.953165091435926,True
106,player3,Blade,16.966358209338356,3.5096085160674972,False,77,8.63780561097892,False
107,player3,Brace - Inside,11.507510411757263,2.10035042800136,True,37,5.4206255306440125,False
108,player3,Brace - Outside,13.460353623367238,3.0763576400543964,False,75,1.0,False
109,player3,Cross Beam,17.103267267802977,2.9590530603866605,True,59,1.0799977435709218,True
110,player3,Deck Board,20.079273660013115,3.512810580762959,True,50,3.774200152794806,True
111,player3,Front Stanchion Pole Base,11.856637670905632,3.5441165935448002,True,5,2.561681580685609,False
112,player3,Front Stanchion Base,18.86830686953774,3.943413615034169,False,1,2.0569223876226426,False
113,player3,Front Stanchion Cross Piece,24.318134188659677,3.7257605143794366,True,91,3.9058670946066614,False
114,player3,Front Stanchion Fish,18.307822862868633,3.0177391469504418,True,3,2.098361112911958,True
115,player3,Front Stanchion Post,13.420741811378523,2.458735746237584,False,8,5.78880458879509,True
116,player3,Front Stancion Base Hole,28.402482074555518,1.2133226583097936,True,88,3.6633693590958,True
117,player3,Gunwale,29.999999061028742,3.5513856563647717,False,0,3.8092994956015596,True
118,player3,Hull Mounting,28.51871144699174,2.3544975486962816,False,9,2.632403489746105,True
119,player3,Keel,10.984383190229792,2.183790786626594,False,54,1.1497769617877633,True
120,player3,Keelson Mesh,12.326055046904536,2.724485541939165,False,82,6.560722998991472,False
121,player3,Knee,15.924552688489689,3.16658592286782,False,31,1.0,False
122,player3,Upper Knee,15.756576746338858,1.7346658945057638,True,47,1.5373131668405517,False
123,player3,Mast,21.30792781989276,1.5644814207804343,True,89,5.366771801644998,False
124,player3,Mast Lock,29.390228651308178,2.3491829608448414,False,84,2.2637303927988883,False
125,player3,Mast Stanchion Cross Piece,15.519660545687321,2.524269031019256,False,52,5.981366165479127,True
126,player3,Mast Stanchion,15.26534359901511,3.7099581598451365,False,2,3.7649181506783034,True
127,player3,Mastfish,10.352320608665115,1.4065174698414142,True,77,2.7541625474873683,True
128,player3,Mastfish Base,13.30435463468942,2.5789813474534355,False,100,6.535860009086719,True
129,player3,Neck,18.178491265299684,1.3524703642830114,True,63,1.738946236887494,False
130,player3,Oar,11.00420338047947,1.0104855444038827,True,33,2.1991289296700716,False
131,player3,Rear Stanchion Base,13.777548082529403,1.7586373872575498,False,7,3.819280199319416,False
132,player3,Rear Stanchion Cross Piece,12.434034135960548,2.5878536645494297,True,96,2.400856512260027,True
133,player3,Rear Stanchion Fish,19.984314868915927,1.8492486474049161,False,7,1.896307452514677,False
134,player3,Rear Stanchion Pole Base,18.642501107554985,1.0711219328090094,False,91,3.6408714614214475,False
135,player3,Rear Stanchion Post,23.757676817205564,2.443029032462472,True,71,6.027184463095801,False
136,player3,Rear Stancion Base Hole,16.828557232239845,1.580874397861109,True,69,2.465805467436525,True
137,player3,Rib,23.94624019599395,1.2556808914771476,False,86,1.0,True
138,player3,Strake,19.648709458805158,3.410002268131491,False,15,1.1412937276026645,True
139,player3,Tiller,17.439907802843294,3.685977334964476,False,47,1.3883211586861712,True
140,player4,Beam Pillar,22.380822082715284,1.1008575307490922,False,71,3.8090454803203877,True
141,player4,Blade,24.236461583998125,3.0645525231996116,False,38,2.9812750587654198,True
142,player4,Brace - Inside,29.388518290649618,3.474261562625297,True,63,2.2751069796625476,False
143,player4,Brace - Outside,24.064856232489237,2.98390817481463,True,32,5.33406033192235,True
144,player4,Cross Beam,16.537154176622757,1.4296274483033622,True,33,1.0,True
145,player4,Deck Board,28.79646583287756,2.2105225495630796,True,13,1.532013766192589,True
146,player4,Front Stanchion Pole Base,27.91629582452352,2.4620807501886697,False,41,1.459967875675014,False
147,player4,Front Stanchion Base,17.60417847000864,1.216904767630412,False,64,1.3037868863511743,False
148,player4,Front Stanchion Cross Piece,13.525122461520764,3.0269563229412806,False,92,1.5269853305674936,False
149,player4,Front Stanchion Fish,15.128254842044537,2.246058077697993,True,89,7.507732478291738,False
150,player4,Front Stanchion Post,29.328543275263176,1.3828731190396122,False,31,1.0129268988770663,True
151,player4,Front Stancion Base Hole,13.921544083239507,3.242311214676848,True,46,9.69599969467992,True
152,player4,Gunwale,11.482329008716125,3.7428710618011483,False,4,4.62144424147682,False
153,player4,Hull Mounting,26.206586838698104,2.088268481804998,False,97,1.1945804069462265,True
154,player4,Keel,21.215042130728047,1.0411706214569527,False,69,1.0,False
155,player4,Keelson Mesh,19.687598750965208,2.8591876050150975,False,40,1.6495240846196182,False
156,player4,Knee,16.907462482791132,2.5780475342978697,False,66,1.0,True
157,player4,Upper Knee,11.995805947829956,1.96799180911292,False,34,1.4176330241173465,False
158,player4,Mast,18.730174813832136,1.9745178636407792,True,61,5.440385962350058,False
159,player4,Mast Lock,22.65273741579051,3.1983180733550047,False,53,2.3365065429886616,False
160,player4,Mast Stanchion Cross Piece,28.646282832738187,3.3862941435194642,False,33,1.0,False
161,player4,Mast Stanchion,27.901995303113935,3.65177928654356,False,34,2.4518542541009642,False
162,player4,Mastfish,29.760229195592906,2.3589623845500456,True,12,5.966213523354883,True
163,player4,Mastfish Base,20.010553897368442,2.7240989909012256,False,81,1.0,False
164,player4,Neck,20.512324155356836,2.916710787200981,False,6,2.7666368677333852,True
165,player4,Oar,16.63578166256594,2.8988110456982357,True,37,2.70878825006963,True
166,player4,Rear Stanchion Base,12.198084160837304,1.5935425856801437,False,65,1.0853766822713697,False
167,player4,Rear Stanchion Cross Piece,22.108676723387106,1.5331944767462824,False,9,2.7484300777466726,True
168,player4,Rear Stanchion Fish,14.159815101403158,3.1819083832808537,True,79,2.0814508706754147,True
169,player4,Rear Stanchion Pole Base,14.821845308261558,3.14228109435624,True,42,1.0,False
170,player4,Rear Stanchion Post,17.532809414438653,2.4477635260220474,True,95,2.0657582226193876,False
171,player4,Rear Stancion Base Hole,23.747528028168155,1.389572177855705,False,84,1.5988474818175877,False
172,player4,Rib,18.867612901693512,3.0930145003303458,True,91,4.7777783606763355,True
173,player4,Strake,11.56030033662136,3.890438237208239,False,89,2.383480776168646,False
174,player4,Tiller,17.883772083595357,1.2211722678810193,True,52,1.2585071594472177,False
175,player5,Beam Pillar,11.673806619714917,3.3973667215132552,True,94,2.3055509899631126,True
176,player5,Blade,17.180945883230354,3.778094911630854,False,0,1.448294682062003,True
177,player5,Brace - Inside,23.43390534623417,2.9786147472895137,False,92,7.740075962836334,False
178,player5,Brace - Outside,22.733297729187854,3.654147447405568,False,39,9.341600569817366,True
179,player5,Cross Beam,26.561762418260216,1.3522475678300747,False,18,1.0,True
180,player5,Deck Board,19.82102360793067,3.8417582166786715,False,76,1.346545028813098,True
181,player5,Front Stanchion Pole Base,22.652742341930974,2.3491951123888013,True,80,5.949488080688326,True
182,player5,Front Stanchion Base,24.255186993033504,1.8957064253198683,False,50,7.359291558459579,True
183,player5,Front Stanchion Cross Piece,28.07240155324517,1.2232219808271387,True,70,1.0,True
184,player5,Front Stanchion Fish,16.908223244726628,1.5095411190653403,True,48,1.4277611180336005,False
185,player5,Front Stanchion Post,22.115826962288207,2.8428970137928085,True,30,1.0,False
186,player5,Front Stancion Base Hole,10.331272870668345,3.768916454097043,False,59,1.8073890390896046,True
187,player5,Gunwale,22.587317364147317,3.5709266973752216,True,57,2.6145462364190473,True
188,player5,Hull Mounting,24.514028900217134,3.8764107382174466,True,84,1.048161005251821,False
189,player5,Keel,25.116787054213702,1.1155008714220296,False,41,3.1213951968505746,True
190,player5,Keelson Mesh,26.55896173254898,2.369814386026842,True,80,3.6071391568796747,False
191,player5,Knee,21.692815014546703,1.0934400829221678,False,93,2.9203174292313387,True
192,player5,Upper Knee,18.66628837649089,1.6211061136636506,True,41,1.0,False
193,player5,Mast,13.02048182936283,1.5587500549547868,True,62,2.191190652719739,True
194,player5,Mast Lock,20.998996815322002,3.071314802705,False,59,5.385485253915806,False
195,player5,Mast Stanchion Cross Piece,10.650733981645516,3.645277036399013,True,69,4.245208344537536,True
196,player5,Mast Stanchion,15.005015888121466,2.3008711099505623,True,47,3.6731108687333043,False
197,player5,Mastfish,21.561472264528604,1.5426401630613469,True,29,2.610486228787687,False
198,player5,Mastfish Base,16.480951154101685,2.4759830289273315,True,58,5.22970947745002,False
199,player5,Neck,25.069831669816402,1.2613165097088936,True,22,6.436885355626722,False
200,player5,Oar,29.058297639646867,2.93338433113104,False,45,1.254846270086037,False
201,player5,Rear Stanchion Base,15.464534081561215,3.211285159436218,True,23,1.0196063902706274,True
202,player5,Rear Stanchion Cross Piece,17.466248141575726,2.2721029924502907,False,11,1.714895221432338,True
203,player5,Rear Stanchion Fish,11.344914254731561,3.086439385141055,False,15,7.457077010755982,True
204,player5,Rear Stanchion Pole Base,11.20427696806107,2.8371451557297234,False,81,2.985398021405232,False
205,player5,Rear Stanchion Post,29.631964460086095,2.0712451450248857,True,56,2.916130384050535,False
206,player5,Rear Stancion Base Hole,21.443522616566142,3.5761802218681966,False,6,4.75715102665853,True
207,player5,Rib,20.52356880987608,2.151957052619154,False,75,5.2135387324007265,True
208,player5,Strake,24.268200341261018,1.7756162333597345,True,57,4.424617956164038,False
209,player5,Tiller,19.362990131352362,2.2741931297904068,True,94,2.3491063843551903,False
210,player6,Beam Pillar,23.161707897961247,1.3682176162232282,False,44,3.700624706288086,True
211,player6,Blade,23.511151025583693,1.308467554077665,False,51,2.6350228134628457,True
212,player6,Brace - Inside,20.2315439436655,3.9527958301740473,True,9,1.5481539567442864,True
213,player6,Brace - Outside,17.634986833647766,3.711825587502034,True,16,2.846363908657085,True
214,player6,Cross Beam,14.379065432309934,2.1649805200606687,False,10,1.4127544095437212,False
215,player6,Deck Board,17.654650493694923,2.470103461561962,True,77,1.5849141450509174,True
216,player6,Front Stanchion Pole Base,24.437435039018414,3.3573236285047297,True,31,5.052438168937699,True
217,player6,Front Stanchion Base,12.401064907407179,2.599551373159317,True,23,3.174145232211891,False
218,player6,Front Stanchion Cross Piece,11.04697333503794,2.2190246809636456,False,83,2.133758749478244,False
219,player6,Front Stanchion Fish,18.561576587223744,1.4334773153364193,True,27,5.095056509107672,True
220,player6,Front Stanchion Post,16.12552436918643,3.7324802638329446,True,47,5.299459399920044,True
221,player6,Front Stancion Base Hole,26.764041200709723,2.538741101431036,False,15,2.708215299399308,True
222,player6,Gunwale,13.060496676840877,3.962060317059845,True,21,1.1000075667897402,False
223,player6,Hull Mounting,25.4516623214893,1.694545637001566,True,33,6.371976475905474,True
224,player6,Keel,25.119985912566243,3.4539911400638816,True,80,2.065317254912774,False
225,player6,Keelson Mesh,27.71022806254763,2.7432241213307376,False,80,3.3337135489260903,False
226,player6,Knee,16.619900847130403,3.6613534433109534,True,23,1.0,True
227,player6,Upper Knee,13.554890427504356,3.5743116244455715,False,67,2.803605372804763,False
228,player6,Mast,29.951697232330556,3.7565057093207734,True,82,1.0,True
229,player6,Mast Lock,11.449686987646242,3.1189292651811016,True,23,3.110832461459796,True
230,player6,Mast Stanchion Cross Piece,16.043165062158984,3.3060049559023246,False,12,3.5513332750491777,False
231,player6,Mast Stanchion,15.357983611638083,3.560822329523445,False,41,4.09474535981914,True
232,player6,Mastfish,19.3320724508059,3.5668154742309914,True,88,5.5955022421579255,True
233,player6,Mastfish Base,19.176713472851528,1.4830931058688475,True,38,2.2068248358974656,False
234,player6,Neck,21.57913667750566,2.2892054444462238,False,87,1.0,True
235,player6,Oar,16.741589611121807,1.4740009516501087,False,22,5.233121680666396,False
236,player6,Rear Stanchion Base,23.27644120147197,2.6462421110170204,True,70,2.4490764407698764,True
237,player6,Rear Stanchion Cross Piece,28.83918448126321,2.351528426836569,False,75,9.839273296573642,True
238,player6,Rear Stanchion Fish,16.97709402889797,2.785322846683528,True,70,1.0,False
239,player6,Rear Stanchion Pole Base,23.7766322217404,1.6629456829778633,True,72,2.0292178882350362,False
240,player6,Rear Stanchion Post,28.977571009249363,3.9031883798988325,True,25,2.9093440920756355,False
241,player6,Rear Stancion Base Hole,15.726769852012346,3.974646687539369,False,55,2.374902766159066,True
242,player6,Rib,25.509728912336683,2.839636155850463,False,75,9.634437325851396,False
243,player6,Strake,27.736306982830413,3.4485186426347005,False,1,3.374964802456735,True
244,player6,Tiller,18.343899020150896,1.5288645212629595,True,83,5.790559479657035,True
245,player7,Beam Pillar,25.531116666198074,1.4724748777682577,False,44,1.62567551083862,True
246,player7,Blade,23.193369497002244,2.0896805097788405,True,39,6.610468423361627,True
247,player7,Brace - Inside,14.868409905320982,1.4831915493704142,False,13,9.254016361041874,True
248,player7,Brace - Outside,26.78174439172969,1.7892097262905753,False,83,2.8095043062060716,False
249,player7,Cross Beam,11.272043553571612,2.551477267792473,True,15,1.9276376092821192,False
250,player7,Deck Board,14.691843035038087,2.4010994041365983,True,79,4.299566101186621,True
251,player7,Front Stanchion Pole Base,13.382623491735636,1.0247304634136623,True,91,8.482146389636291,False
252,player7,Front Stanchion Base,14.700991276158115,1.8730979685857263,False,72,4.563979326293826,False
253,player7,Front Stanchion Cross Piece,15.965774143839859,3.005833368596059,True,41,1.6832603403975832,True
254,player7,Front Stanchion Fish,27.638863882123868,1.9864934818411175,False,85,7.45021446951418,False
255,player7,Front Stanchion Post,28.439569255201405,1.8758281657120053,True,23,1.6469841207883995,True
256,player7,Front Stancion Base Hole,13.300053316263954,1.3244387121361112,False,32,2.3235004763735594,True
257,player7,Gunwale,11.541657741322016,2.7995715897297835,False,98,1.2745081383774577,False
258,player7,Hull Mounting,22.501962570953825,3.62748850575378,True,61,7.63124413393226,True
259,player7,Keel,14.852626872628436,1.785291393688587,True,88,2.537403422987483,False
260,player7,Keelson Mesh,24.10557532239304,2.0986908782750797,False,96,1.0353551426237635,True
261,player7,Knee,16.348029658800613,3.881350527810952,True,62,4.63578491509934,True
262,player7,Upper Knee,27.004751774736842,1.1115951065945913,True,24,6.335011767592302,False
263,player7,Mast,11.866278407702149,2.732502191543348,True,5,1.608711660838528,False
264,player7,Mast Lock,21.602853944433395,2.6093764238037163,True,84,6.165678370157188,True
265,player7,Mast Stanchion Cross Piece,24.90049151049269,3.446884206460467,True,71,5.2531763562457385,True
266,player7,Mast Stanchion,26.36622444321952,2.1641489210601708,False,56,1.5084909740002836,True
267,player7,Mastfish,14.876411907662355,2.0062632235207682,True,93,1.1072748382559598,True
268,player7,Mastfish Base,29.726881632170837,3.7760290270014227,False,18,7.693191894534832,False
269,player7,Neck,25.163639425621838,3.7125676049581546,False,71,4.931343442331605,True
270,player7,Oar,26.7010330515928,3.9753414661569866,False,14,1.0,False
271,player7,Rear Stanchion Base,12.120539343290513,1.5938187664877237,False,1,3.6092637315448646,False
272,player7,Rear Stanchion Cross Piece,24.98408451748161,2.8237352002060576,True,30,1.4760577814259817,False
273,player7,Rear Stanchion Fish,13.039036621714978,3.7191844358955306,True,47,3.543219647873745,True
274,player7,Rear Stanchion Pole Base,11.78662024859522,1.4618145292454314,False,2,5.540794972094821,True
275,player7,Rear Stanchion Post,14.578743341598058,1.4689841172374618,False,62,4.898612760311744,True
276,player7,Rear Stancion Base Hole,19.099107202796272,2.3544607077732334,False,61,1.0,False
277,player7,Rib,24.30732274482333,2.397428048879987,True,42,1.7875842975233955,False
278,player7,Strake,27.471287552103195,2.1062646446885758,True,54,3.4784248947634646,True
279,player7,Tiller,21.065862526957417,3.760078010606108,True,68,1.5212034565741828,True
280,player8,Beam Pillar,11.619837557007294,2.925781078836643,True,99,1.7196732415881562,False
281,player8,Blade,23.19305641306859,2.557855181876469,False,86,1.8015186164923238,False
282,player8,Brace - Inside,22.492725264908163,1.4927657352812944,True,50,5.001367562341988,False
283,player8,Brace - Outside,12.644710452666224,2.221425815583032,False,83,3.168181543045392,True
284,player8,Cross Beam,10.25975947237447,1.2116841986057496,True,17,1.734919819459046,True
285,player8,Deck Board,26.8705151249712,2.4566379092786184,False,55,1.8510148237584967,True
286,player8,Front Stanchion Pole Base,28.54385549187424,3.0330981106957973,True,25,1.0161761387366364,False
287,player8,Front Stanchion Base,14.942573662669167,1.8948676953525063,False,71,1.6783978056300262,False
288,player8,Front Stanchion Cross Piece,17.054037213570766,2.945732388436035,True,26,1.0477170719282465,True
289,player8,Front Stanchion Fish,21.352256021505653,1.8873705577461308,True,39,1.0433220839186037,False
290,player8,Front Stanchion Post,12.759230008137765,3.269668171730473,False,55,2.421370685767341,False
291,player8,Front Stancion Base Hole,12.006839770290437,1.348158705362646,True,35,7.43838122646666,False
292,player8,Gunwale,20.46916125551063,2.4144161811687472,True,17,1.5307168093740047,False
293,player8,Hull Mounting,13.435821315080725,1.0494279496133139,False,34,1.120036699731596,False
294,player8,Keel,18.273158343226413,2.287632203539418,True,35,1.0,False
295,player8,Keelson Mesh,20.015584716049176,2.582349340477139,True,5,2.068582719831433,True
296,player8,Knee,29.34210004649382,1.3228309367035331,False,85,1.7438189341739714,False
297,player8,Upper Knee,21.2597324438267,3.614876759646167,False,48,2.48158192048811,True
298,player8,Mast,26.227415674214626,1.3003414336131565,True,44,1.5723787172980441,False
299,player8,Mast Lock,29.349649467307625,1.3588790083083633,True,100,1.4530493274538068,False
300,player8,Mast Stanchion Cross Piece,25.230889026353996,3.00173071502289,True,48,1.8211036604281978,True
301,player8,Mast Stanchion,28.131050406567518,3.666182406836064,True,95,1.0,True
302,player8,Mastfish,21.75994505585826,1.693625483826421,False,2,2.386577249204314,True
303,player8,Mastfish Base,17.72338671500809,3.5212888852489463,False,86,9.337915830272644,False
304,player8,Neck,29.86696358863085,2.048555451817486,True,20,2.771714895401049,False
305,player8,Oar,15.838144407824739,2.669377535191712,True,51,2.8291915617768346,False
306,player8,Rear Stanchion Base,22.800377122101416,2.1764740676882006,True,83,1.1280200560591345,True
307,player8,Rear Stanchion Cross Piece,11.168581898058719,1.1965530114226404,True,5,1.7650621953664307,False
308,player8,Rear Stanchion Fish,24.310672000296115,2.605784187353948,True,66,1.2170045232542146,False
309,player8,Rear Stanchion Pole Base,12.032141639503228,1.342785596914307,False,12,4.271272543428489,False
310,player8,Rear Stanchion Post,12.473296806089305,2.1068955321674165,False,85,1.365046824464381,False
311,player8,Rear Stancion Base Hole,23.373206518233037,2.880501345620572,True,6,7.267590880196303,True
312,player8,Rib,21.550826623912958,3.7518153805350716,False,45,5.457622890532849,False
313,player8,Strake,15.710708699998118,2.668459213456712,False,43,1.0,True
314,player8,Tiller,20.963474052353334,2.0303112958998093,True,34,4.814746884773001,True
315,player9,Beam Pillar,28.105835636531,1.946190016980189,True,49,9.941078587156793,True
316,player9,Blade,17.592434774569455,1.8902830229948102,True,38,6.915894374559117,True
317,player9,Brace - Inside,19.2103721084975,3.305742300704621,False,35,1.2869364483216228,True
318,player9,Brace - Outside,20.28149939660412,1.818227328652257,False,70,2.291264676295088,True
319,player9,Cross Beam,21.0930903186899,2.584264606267944,True,37,1.9879822046847158,False
320,player9,Deck Board,14.715644611995902,2.5207470782266235,True,11,3.7046543856583463,True
321,player9,Front Stanchion Pole Base,26.836455693285814,2.541933680480816,True,65,8.055521036449722,True
322,player9,Front Stanchion Base,22.25374448090238,2.6834792009866564,False,77,3.353728941015156,True
323,player9,Front Stanchion Cross Piece,29.689587490793855,3.3775507944090557,True,38,1.0,False
324,player9,Front Stanchion Fish,28.905236258834943,2.027086294553368,False,0,4.0520895880563375,False
325,player9,Front Stanchion Post,18.738434971108653,3.8415904766781495,True,7,2.7590102699613164,False
326,player9,Front Stancion Base Hole,18.14336791079348,1.8754878644071673,False,94,3.891066121886967,True
327,player9,Gunwale,18.95353181811073,3.926528476412142,False,100,3.3749051528699026,True
328,player9,Hull Mounting,15.025890017143082,3.12147685980863,False,30,3.4547211447602573,True
329,player9,Keel,27.73403462553359,1.3169000723967628,False,1,6.383286576989214,False
330,player9,Keelson Mesh,10.57940001622017,1.0124633776323242,False,100,1.4860653165534763,False
331,player9,Knee,19.28007388878045,1.5590610518030985,True,48,1.6411207977589628,False
332,player9,Upper Knee,29.14436194459598,3.585798153425288,True,21,6.198515105284442,True
333,player9,Mast,14.116833744431789,2.3794247354099314,False,41,2.6377134687338373,True
334,player9,Mast Lock,10.832880833606165,1.6481247922614122,False,1,7.458850104888313,True
335,player9,Mast Stanchion Cross Piece,13.854794147181488,1.7282943732796543,False,91,5.040515168116433,False
336,player9,Mast Stanchion,15.87474197772133,3.7767227168071864,False,78,1.3124375778880073,True
337,player9,Mastfish,28.996065084897037,3.5458069496537137,True,27,1.738772504177334,True
338,player9,Mastfish Base,10.64102399733967,3.796293129011807,True,51,5.559431311399816,False
339,player9,Neck,10.249884215093047,1.092842203475009,True,74,4.204275522060636,False
340,player9,Oar,15.676642449558384,1.4386783181256146,True,85,1.7828199407719294,False
341,player9,Rear Stanchion Base,12.272561081955754,3.352432529652926,False,59,5.51102779453972,True
342,player9,Rear Stanchion Cross Piece,25.7630051437815,3.2859084314153866,True,67,2.721105666367354,False
343,player9,Rear Stanchion Fish,13.634181686584299,3.176327405826024,False,51,2.6979214059055865,False
344,player9,Rear Stanchion Pole Base,18.53864141773216,2.5014745585093636,False,52,6.048428175405116,True
345,player9,Rear Stanchion Post,14.417758203590573,1.2580603137123494,False,47,1.823381561352282,False
346,player9,Rear Stancion Base Hole,12.546160210664947,1.2856248400336763,False,23,3.2986473633061837,False
347,player9,Rib,26.665165271782627,3.4902961343938435,False,38,1.8441049598849677,False
348,player9,Strake,15.650692982782283,2.653696846407082,True,99,1.7903993702668881,True
349,player9,Tiller,22.473135096860585,3.5034011234643083,False,82,5.257525806927587,True
350,player10,Beam Pillar,15.75511714275548,3.9566390388499904,True,95,5.557455475637025,True
351,player10,Blade,29.22266034681066,2.3925137637842546,True,61,1.8744457273641288,False
352,player10,Brace - Inside,29.755943226179422,1.0261030916035954,True,79,8.24307148486608,False
353,player10,Brace - Outside,18.782564926929613,3.216682335917948,True,49,1.349925850312935,False
354,player10,Cross Beam,13.883859482038599,3.4092496671275367,True,99,5.549123472324848,True
355,player10,Deck Board,12.83298584679136,1.774530949235838,True,83,5.936112020659509,False
356,player10,Front Stanchion Pole Base,20.43696913970912,2.6684117568091255,False,98,5.977611017928342,False
357,player10,Front Stanchion Base,10.345225374548813,3.480552318618761,True,4,7.357156398869098,False
358,player10,Front Stanchion Cross Piece,25.344427002324707,1.9146468902688638,False,13,4.2951528913375885,True
359,player10,Front Stanchion Fish,21.522146712980813,2.5675924064409,False,36,2.8465777185447374,False
360,player10,Front Stanchion Post,17.84778041688191,2.4954244851023453,True,71,2.112949132059284,False
361,player10,Front Stancion Base Hole,10.971727594939814,2.4007071729951925,False,55,2.228956804186153,True
362,player10,Gunwale,26.49141599310544,2.424732520183722,False,66,7.8407277607026336,False
363,player10,Hull Mounting,12.688574567194618,2.413189427043517,True,40,3.4232066068574145,True
364,player10,Keel,11.836133917234852,1.9082722596810686,False,20,1.6364881767976307,False
365,player10,Keelson Mesh,13.821757168922543,3.545658318324477,True,3,4.607397659775618,True
366,player10,Knee,14.486235297611474,2.8089901985582495,False,25,1.2349469370755795,True
367,player10,Upper Knee,24.64070477206664,3.1700516234197202,False,50,4.109349057795134,True
368,player10,Mast,10.377558006434134,1.508035947405939,False,77,1.0901629989115011,True
369,player10,Mast Lock,22.47139902697829,3.897059451304619,True,98,2.033130878179063,False
370,player10,Mast Stanchion Cross Piece,28.058790307252394,1.0328837772815185,True,74,8.14048183347803,False
371,player10,Mast Stanchion,12.312989873511864,1.6825178407550914,False,34,1.6569106143518333,False
372,player10,Mastfish,10.538174063473027,1.8074340324320963,False,85,5.8635974461351426,True
373,player10,Mastfish Base,24.679157311476644,2.2889773231943735,True,76,6.694007260970302,True
374,player10,Neck,19.27959810241937,2.8548999980128262,True,80,1.7371152393654665,False
375,player10,Oar,18.709259594640542,2.364052488053564,False,91,2.191570987483983,True
376,player10,Rear Stanchion Base,28.622240989740188,2.107916553705396,True,67,2.1002748759040113,True
377,player10,Rear Stanchion Cross Piece,24.188628345627272,1.1614914758395423,False,31,6.990892771713941,True
378,player10,Rear Stanchion Fish,12.684601278749138,3.187824164213718,False,5,2.0500592595531417,False
379,player10,Rear Stanchion Pole Base,26.64611666783934,1.953181012713777,True,17,1.0,False
380,player10,Rear Stanchion Post,13.570496504044957,2.4216099406488665,True,23,3.667109885221596,True
381,player10,Rear Stancion Base Hole,10.014884664340622,2.3123142343742322,False,99,2.737765287626983,True
382,player10,Rib,28.167434150453314,2.099057516925213,False,15,7.429927964330546,True
383,player10,Strake,18.214602948538566,1.8319272078525763,False,22,4.28960374383766,True
384,player10,Tiller,27.01439427077007,2.677681729688352,True,59,1.0,False
